id,predicted_runs
0,40.53320395416029
1,29.34810378947939
